id,name,age,salary,city
1,Dr. Valerie Harris,30,93074,Florestown
2,Samantha Larson,52,96756,New Matthewstad
3,Steven Lewis,59,113521,Nathanbury
4,Daniel Woods,36,37806,Port Jessicashire
5,Katelyn Taylor,35,67106,Wrightmouth
6,Larry Clarke,50,106787,North Matthew
7,Cole Douglas,37,54424,South Joseph
8,Chelsey Ramirez,54,44222,Rosemouth
9,Taylor Anderson,37,76611,Lake Sharon
10,Robert Kidd,26,39262,Lake Tiffanyfurt
11,Sherry Cobb,51,76043,Nicoleview
12,James Wood,39,66978,North Sean
13,Keith Ellis,22,58338,Michaelfurt
14,Christopher Hicks,37,70454,West Christineshire
15,Samantha Anderson,22,55985,Port Brian
16,Evan Reed,54,113840,Salinasport
17,Brenda Burgess,26,58065,Maryview
18,Sean Hensley,57,84262,Port Kaylaland
19,Patrick Contreras,48,82571,Reedburgh
20,Brianna Barton,47,108116,Laurenburgh
21,Harold Johnson,41,42935,New Craigland
22,Sarah Wood,35,118508,Port Jody
23,Tyler Dunn,55,69570,Port Cassandra
24,Samantha Marshall,48,98238,Thomashaven
25,Juan Berry,53,49332,Timothyland
26,Erin Brown,34,81403,Dunlapview
27,Wendy Jenkins,30,117761,New Michaelberg
28,Marissa Curtis,35,82780,North Phillipmouth
29,Travis Daniels,30,51142,Farmerburgh
30,Christopher Cobb,43,110929,Lake Davidside
